{
  "loss": [
    2.366993080318718,
    2.497094927358933,
    2.5795094679201225,
    2.6309822854221925,
    2.6271592484904995,
    2.636279381968423,
    2.6605924397537053,
    2.643521785876093,
    2.6501313555896977,
    2.6638322664066547
  ],
  "accuracy": [
    0.09985,
    0.0998,
    0.10258333333333333,
    0.09998333333333333,
    0.10086666666666666,
    0.10288333333333333,
    0.09905,
    0.10238333333333334,
    0.09935,
    0.09758333333333333
  ]
}