{
  "loss": [
    2.308055908027825,
    2.308180756366226,
    2.308608338124855,
    2.308285097413076,
    2.3081181444355336,
    2.3088355134822263,
    2.3087358084452188,
    2.309153842872016,
    2.3092736447795073,
    2.3098032806484903
  ],
  "accuracy": [
    0.09885,
    0.10006666666666666,
    0.09951666666666667,
    0.10165,
    0.10265,
    0.10106666666666667,
    0.10085,
    0.0991,
    0.09895,
    0.10008333333333333
  ]
}