{
  "loss": [
    2.276563005895686,
    1.8146023645410156,
    1.1102100283170495,
    0.7846793173583384,
    0.6205961321568048,
    0.526991349063214,
    0.46737611900561027,
    0.42645064259077825,
    0.3967925230814265,
    0.37440246225173596
  ],
  "accuracy": [
    0.3607666666666667,
    0.66445,
    0.7821,
    0.83365,
    0.8576,
    0.876,
    0.88565,
    0.8925,
    0.8968,
    0.90135
  ]
}