{
  "loss": [
    14.345471055364419,
    16.950913737243475,
    17.40750927655504,
    17.22623890557678,
    17.33471550066956,
    17.151732480521247,
    17.315940619666222,
    16.979447183004513,
    17.075882525479162,
    16.991924100878276
  ],
  "accuracy": [
    0.09751666666666667,
    0.11236666666666667,
    0.09915,
    0.0993,
    0.10441666666666667,
    0.10218333333333333,
    0.09751666666666667,
    0.10441666666666667,
    0.09035,
    0.09871666666666666
  ]
}