{
  "loss": [
    2.304346599151531,
    2.3046517927876766,
    2.304422560192604,
    2.3042169764196014,
    2.30453488682163,
    2.304450617472599,
    2.304561175414291,
    2.3044215071540677,
    2.3045000041458654,
    2.304565389688511
  ],
  "accuracy": [
    0.10016666666666667,
    0.10031666666666667,
    0.09996666666666666,
    0.10118333333333333,
    0.09938333333333334,
    0.09826666666666667,
    0.09961666666666667,
    0.10081666666666667,
    0.09855,
    0.1004
  ]
}