{
  "loss": [
    0.980133467835407,
    0.3389353035886182,
    0.27295557391147557,
    0.23972274581691932,
    0.2178460104870913,
    0.20105170780640064,
    0.18840541362078086,
    0.17776708414537348,
    0.16869899734168947,
    0.16104152979219227
  ],
  "accuracy": [
    0.8953333333333333,
    0.9171166666666667,
    0.9291833333333334,
    0.9361666666666667,
    0.9419666666666666,
    0.94685,
    0.9490666666666666,
    0.9528833333333333,
    0.9547,
    0.9566333333333333
  ]
}