{
  "loss": [
    2.311362437776201,
    2.3119951181996843,
    2.3122349344368103,
    2.3134449886548882,
    2.3128100394619118,
    2.31357902422135,
    2.3139683734322825,
    2.315051533909245,
    2.3148804511119616,
    2.3155277713516873
  ],
  "accuracy": [
    0.09915,
    0.10218333333333333,
    0.11236666666666667,
    0.09871666666666666,
    0.11236666666666667,
    0.11236666666666667,
    0.09915,
    0.10218333333333333,
    0.09751666666666667,
    0.11236666666666667
  ]
}