{
  "loss": [
    0.8276410509180301,
    0.3205940301566343,
    0.2674701306466712,
    0.23358885176388042,
    0.20780831927391694,
    0.18672753260103103,
    0.1700416915064252,
    0.1549152044899798,
    0.14292135503603384,
    0.13248956696593642
  ],
  "accuracy": [
    0.8974,
    0.9177833333333333,
    0.9304333333333333,
    0.9380166666666667,
    0.9447,
    0.9492,
    0.9546666666666667,
    0.9581166666666666,
    0.9609,
    0.96475
  ]
}