{
  "loss": [
    0.982813420059322,
    0.33200893786867036,
    0.2699369641730527,
    0.2389389531498211,
    0.21805238301675464,
    0.2018662748996013,
    0.1891288656408179,
    0.17796423933589917,
    0.1687285880749681,
    0.16062731196797045
  ],
  "accuracy": [
    0.8980333333333334,
    0.9198666666666667,
    0.9298166666666666,
    0.9355666666666667,
    0.9397333333333333,
    0.9437833333333333,
    0.9460833333333334,
    0.9503,
    0.9540333333333333,
    0.9554
  ]
}