{
  "loss": [
    2.312978370248235,
    2.31344126840806,
    2.3139193391437956,
    2.3137652061834015,
    2.3145851420277306,
    2.314917750480245,
    2.3153155159697114,
    2.3163558049147897,
    2.316104651598398,
    2.31605287091668
  ],
  "accuracy": [
    0.0992,
    0.09936666666666667,
    0.09963333333333334,
    0.09983333333333333,
    0.09943333333333333,
    0.09765,
    0.09953333333333333,
    0.0986,
    0.09855,
    0.1005
  ]
}