{
  "loss": [
    3.4835951893021426,
    5.729686444172782,
    5.849474024071124,
    6.015530678549944,
    5.826162164354926,
    5.9071306163465955,
    6.059664738510059,
    5.973403944444388,
    5.993369185759723,
    5.940777306491499
  ],
  "accuracy": [
    0.09915,
    0.11236666666666667,
    0.10441666666666667,
    0.09035,
    0.09736666666666667,
    0.09915,
    0.09863333333333334,
    0.09863333333333334,
    0.10218333333333333,
    0.0993
  ]
}