{
  "loss": [
    0.44728638477659854,
    0.20396109953470573,
    0.16891299981791183,
    0.14917962909950438,
    0.13441630951764166,
    0.12346162177310839,
    0.1161593438521661,
    0.10926010935590157,
    0.10388366460735393,
    0.09887933738446057
  ],
  "accuracy": [
    0.9341666666666667,
    0.94925,
    0.95735,
    0.9635833333333333,
    0.96485,
    0.9671,
    0.9664833333333334,
    0.9688,
    0.9728,
    0.9722166666666666
  ]
}