{
  "loss": [
    2.302338510720485,
    2.3021607977054215,
    2.302266985027398,
    2.302119689347292,
    2.302248290415854,
    2.302109715741057,
    2.3023098419416903,
    2.3021168395649694,
    2.302228291180107,
    2.302202883862747
  ],
  "accuracy": [
    0.11236666666666667,
    0.11236666666666667,
    0.11236666666666667,
    0.11236666666666667,
    0.11236666666666667,
    0.09863333333333334,
    0.11236666666666667,
    0.11236666666666667,
    0.11236666666666667,
    0.10441666666666667
  ]
}