{
  "loss": [
    2.303137682935939,
    2.3031223157123506,
    2.302985392231247,
    2.302952298040099,
    2.303396821405373,
    2.3031288929239135,
    2.303206658141633,
    2.303007097248727,
    2.3033635624062843,
    2.3030251248889373
  ],
  "accuracy": [
    0.10218333333333333,
    0.10441666666666667,
    0.11236666666666667,
    0.11236666666666667,
    0.10441666666666667,
    0.10441666666666667,
    0.11236666666666667,
    0.11236666666666667,
    0.11236666666666667,
    0.11236666666666667
  ]
}