{
  "loss": [
    0.45938448849206737,
    0.20171861838772814,
    0.16379707803788945,
    0.14257794233646134,
    0.1282083736818407,
    0.11749107351466469,
    0.11036859648703488,
    0.10341054060830429,
    0.09740210781253933,
    0.0930042434488818
  ],
  "accuracy": [
    0.93315,
    0.95075,
    0.9576,
    0.96395,
    0.96585,
    0.9715833333333334,
    0.9713833333333334,
    0.97075,
    0.9735166666666667,
    0.9754333333333334
  ]
}