{
  "loss": [
    13.985399175665188,
    17.084377934496878,
    17.351793245783888,
    17.14920511911274,
    17.417198317259803,
    17.373358885180487,
    17.359534497399917,
    17.000772238480586,
    17.099165228218613,
    17.53129105699769
  ],
  "accuracy": [
    0.09863333333333334,
    0.10441666666666667,
    0.09915,
    0.09736666666666667,
    0.09863333333333334,
    0.10441666666666667,
    0.09035,
    0.11236666666666667,
    0.11236666666666667,
    0.09863333333333334
  ]
}