{
  "loss": [
    2.313321036728076,
    2.3134733926726168,
    2.3142523826859747,
    2.314162477890534,
    2.3147357010774914,
    2.3146993565902507,
    2.3152076128348313,
    2.3150279043363997,
    2.316177305533378,
    2.316840860480491
  ],
  "accuracy": [
    0.09995,
    0.09903333333333333,
    0.09886666666666667,
    0.10025,
    0.1001,
    0.1013,
    0.09998333333333333,
    0.10196666666666666,
    0.09946666666666666,
    0.09916666666666667
  ]
}