{
  "loss": [
    17.294647777902195,
    17.34903848147778,
    17.37910920350837,
    17.234443943345735,
    17.648734376501714,
    17.382478623324385,
    17.36341814513325,
    17.324000991553532,
    17.12664550463362,
    11.128362918479565
  ],
  "accuracy": [
    0.09035,
    0.09863333333333334,
    0.10441666666666667,
    0.11236666666666667,
    0.10218333333333333,
    0.0993,
    0.10218333333333333,
    0.09871666666666666,
    0.15623333333333334,
    0.29363333333333336
  ]
}