{
  "loss": [
    2.306069486041896,
    2.306593461096959,
    2.3071354212085584,
    2.307154551374815,
    2.307194230672101,
    2.3073345486310397,
    2.3079178749039393,
    2.3079967822876704,
    2.307943458535007,
    2.3083720300614843
  ],
  "accuracy": [
    0.11236666666666667,
    0.09751666666666667,
    0.09915,
    0.11236666666666667,
    0.11236666666666667,
    0.10218333333333333,
    0.0993,
    0.11236666666666667,
    0.10441666666666667,
    0.11236666666666667
  ]
}