{
  "loss": [
    2.303179088478122,
    2.3030601589206694,
    2.3032039681983054,
    2.303145523888229,
    2.303040771594797,
    2.303181641017158,
    2.3031187989982107,
    2.303201906677597,
    2.3030413186360836,
    2.303191239160671
  ],
  "accuracy": [
    0.09896666666666666,
    0.10011666666666667,
    0.0972,
    0.10125,
    0.10193333333333333,
    0.0982,
    0.09976666666666667,
    0.09876666666666667,
    0.09985,
    0.09765
  ]
}