{
  "loss": [
    2.3031557855452744,
    2.303165738759268,
    2.303209401774122,
    2.3030889688445644,
    2.303097964945937,
    2.303158964292809,
    2.303136791577022,
    2.303166936802208,
    2.3030527953401725,
    2.303221060242665
  ],
  "accuracy": [
    0.09975,
    0.09876666666666667,
    0.09658333333333333,
    0.10046666666666666,
    0.10178333333333334,
    0.0987,
    0.0991,
    0.09916666666666667,
    0.10038333333333334,
    0.09975
  ]
}