{
  "loss": [
    2.2568811308450556,
    1.6363476976793017,
    0.9505680674237145,
    0.6744466060039971,
    0.54626391802754,
    0.4746428934775982,
    0.42902425743050565,
    0.39789147409710945,
    0.37518523944238685,
    0.35789670635663035
  ],
  "accuracy": [
    0.4392666666666667,
    0.7023833333333334,
    0.8123666666666667,
    0.8517666666666667,
    0.8695333333333334,
    0.8832166666666666,
    0.88905,
    0.89565,
    0.8996166666666666,
    0.9021166666666667
  ]
}