{
  "loss": [
    2.322129455285245,
    2.323723663198151,
    2.3240837264867467,
    2.326566651480711,
    2.3269645881323684,
    2.32786549321261,
    2.33010737552077,
    2.3310048290514422,
    2.3322814958068605,
    2.3333297115117237
  ],
  "accuracy": [
    0.11236666666666667,
    0.0993,
    0.09736666666666667,
    0.10218333333333333,
    0.09871666666666666,
    0.09863333333333334,
    0.10218333333333333,
    0.09751666666666667,
    0.09751666666666667,
    0.09736666666666667
  ]
}