{
  "loss": [
    2.260391001641463,
    1.6537424933669855,
    0.9512346966130788,
    0.678135912899179,
    0.5516546475542645,
    0.4797758579069297,
    0.43364096759024007,
    0.4018177327731144,
    0.37904126693055046,
    0.36155447652347156
  ],
  "accuracy": [
    0.3869,
    0.72925,
    0.81075,
    0.8455166666666667,
    0.8689333333333333,
    0.8808333333333334,
    0.8897833333333334,
    0.8944,
    0.89865,
    0.90195
  ]
}