{
  "loss": [
    2.3068859526316063,
    2.3067167508817255,
    2.306627397718913,
    2.30743840309839,
    2.307093582769159,
    2.307379253019442,
    2.30787665463209,
    2.307833743426855,
    2.3081136964150955,
    2.3084097766682485
  ],
  "accuracy": [
    0.09736666666666667,
    0.0993,
    0.10441666666666667,
    0.09915,
    0.10441666666666667,
    0.10218333333333333,
    0.10441666666666667,
    0.10441666666666667,
    0.09751666666666667,
    0.0993
  ]
}