{
  "loss": [
    0.9751919878079108,
    0.3320319459639154,
    0.27082087898662266,
    0.23924312755712884,
    0.2173401263159075,
    0.2000724070104823,
    0.18664795692229763,
    0.17522745654773644,
    0.16603777807594755,
    0.15801509681381504
  ],
  "accuracy": [
    0.8967666666666667,
    0.9197833333333333,
    0.9302666666666667,
    0.9370666666666667,
    0.9427666666666666,
    0.94635,
    0.951,
    0.9517,
    0.9554666666666667,
    0.9569666666666666
  ]
}