{
  "loss": [
    2.362900803081659,
    2.49253105787008,
    2.590194477943676,
    2.6170069367217716,
    2.6432009476177996,
    2.6478226136928256,
    2.639210451987629,
    2.6765306321246296,
    2.6535174112549478,
    2.674998315545754
  ],
  "accuracy": [
    0.09736666666666667,
    0.09863333333333334,
    0.11236666666666667,
    0.10218333333333333,
    0.09915,
    0.11236666666666667,
    0.09035,
    0.09863333333333334,
    0.0993,
    0.09863333333333334
  ]
}