{
  "loss": [
    0.8829607429378636,
    0.3188737434252578,
    0.2597422343250814,
    0.2258397500418379,
    0.2018116890886339,
    0.1827351973474546,
    0.1673799993821588,
    0.15515811117771802,
    0.14391603654216664,
    0.1345338993542662
  ],
  "accuracy": [
    0.8973833333333333,
    0.9204833333333333,
    0.9313166666666667,
    0.9402333333333334,
    0.94625,
    0.9511,
    0.9551333333333333,
    0.9578666666666666,
    0.96045,
    0.9644833333333334
  ]
}