{
    "h25_lr0.01": {
        "mean_accuracy": 0.8951111111111111,
        "std_accuracy": 0.0020902034870519154,
        "accuracy_ci": [
            0.889918757803498,
            0.9003034644187241
        ],
        "mean_loss": 0.4131678628487733,
        "std_loss": 0.004519939878990257,
        "loss_ci": [
            0.4019397097401071,
            0.42439601595743953
        ]
    },
    "h25_lr0.1": {
        "mean_accuracy": 0.9563333333333334,
        "std_accuracy": 0.0006738501866691461,
        "accuracy_ci": [
            0.9546593966724956,
            0.9580072699941712
        ],
        "mean_loss": 0.15989464619132593,
        "std_loss": 0.0013397570671212313,
        "loss_ci": [
            0.1565665051361809,
            0.16322278724647096
        ]
    },
    "h25_lr0.5": {
        "mean_accuracy": 0.972488888888889,
        "std_accuracy": 0.0023010598738863746,
        "accuracy_ci": [
            0.9667727392789573,
            0.9782050384988206
        ],
        "mean_loss": 0.0966196500797968,
        "std_loss": 0.0025829780430925028,
        "loss_ci": [
            0.09020317691408633,
            0.10303612324550726
        ]
    },
    "h50_lr0.01": {
        "mean_accuracy": 0.9000499999999999,
        "std_accuracy": 0.0009193395374861191,
        "accuracy_ci": [
            0.8977662339849416,
            0.9023337660150582
        ],
        "mean_loss": 0.3767551320856087,
        "std_loss": 0.0019421685188074646,
        "loss_ci": [
            0.3719305180252833,
            0.38157974614593404
        ]
    },
    "h50_lr0.1": {
        "mean_accuracy": 0.9628111111111112,
        "std_accuracy": 0.0012180991060249467,
        "accuracy_ci": [
            0.9597851851850714,
            0.965837037037151
        ],
        "mean_loss": 0.13746268903550454,
        "std_loss": 0.002275045068193502,
        "loss_ci": [
            0.13181116378546093,
            0.14311421428554816
        ]
    },
    "h50_lr0.5": {
        "mean_accuracy": 0.9300944444444444,
        "std_accuracy": 0.015833136451017665,
        "accuracy_ci": [
            0.8907627530897035,
            0.9694261357991854
        ],
        "mean_loss": 0.26300014708801206,
        "std_loss": 0.07499786022558085,
        "loss_ci": [
            0.07669513419406004,
            0.4493051599819641
        ]
    },
    "h100_lr0.01": {
        "mean_accuracy": 0.9016055555555557,
        "std_accuracy": 0.0006087834458578838,
        "accuracy_ci": [
            0.9000932536393539,
            0.9031178574717574
        ],
        "mean_loss": 0.36085318330770194,
        "std_loss": 0.0021846755530797305,
        "loss_ci": [
            0.35542614837815345,
            0.36628021823725043
        ]
    },
    "h100_lr0.1": {
        "mean_accuracy": 0.9646055555555556,
        "std_accuracy": 0.00038135560670513117,
        "accuracy_ci": [
            0.9636582157113164,
            0.9655528953997948
        ],
        "mean_loss": 0.13316245132601837,
        "std_loss": 0.0005759956056603261,
        "loss_ci": [
            0.13173159892014127,
            0.13459330373189546
        ]
    },
    "h100_lr0.5": {
        "mean_accuracy": 0.20080555555555557,
        "std_accuracy": 0.08040527706716093,
        "accuracy_ci": [
            0.001067774561775453,
            0.4005433365493357
        ],
        "mean_loss": 14.142084524572375,
        "std_loss": 2.482466987631913,
        "loss_ci": [
            7.975294662188781,
            20.30887438695597
        ]
    }
}