{
  "loss": [
    14.43740561212025,
    17.873949519932637,
    18.31946210352684,
    18.283383502629153,
    18.52508368064969,
    18.601892701487337,
    18.532231850173456,
    18.598610241524884,
    18.494969593681052,
    18.560644041615525
  ],
  "accuracy": [
    0.10118333333333333,
    0.10155,
    0.0996,
    0.09863333333333334,
    0.09998333333333333,
    0.0979,
    0.10038333333333334,
    0.09753333333333333,
    0.09821666666666666,
    0.0997
  ]
}