{
  "loss": [
    3.634265620595348,
    5.764663251055638,
    6.012084526157545,
    5.94304119933079,
    5.985171725541767,
    5.935855395659283,
    5.91812188263984,
    6.043144832396449,
    6.084660147953968,
    5.859710657210075
  ],
  "accuracy": [
    0.11236666666666667,
    0.09035,
    0.10218333333333333,
    0.10441666666666667,
    0.09863333333333334,
    0.10218333333333333,
    0.11236666666666667,
    0.09863333333333334,
    0.09863333333333334,
    0.09751666666666667
  ]
}