{
  "loss": [
    2.323201334907737,
    2.3238639087085637,
    2.32671965806404,
    2.3279067127569384,
    2.3275879422917107,
    2.3293958863409245,
    2.3290918433203114,
    2.3314310079061986,
    2.332672077908647,
    2.333980460888809
  ],
  "accuracy": [
    0.10176666666666667,
    0.10031666666666667,
    0.09945,
    0.09763333333333334,
    0.1008,
    0.0999,
    0.10236666666666666,
    0.10018333333333333,
    0.09803333333333333,
    0.10116666666666667
  ]
}