{
  "loss": [
    2.323117294151394,
    2.325510733232537,
    2.3254564279093093,
    2.3271316598920304,
    2.3277096982034204,
    2.3304012295721424,
    2.3305218175769924,
    2.330907950366059,
    2.3329658747677633,
    2.3335011593210946
  ],
  "accuracy": [
    0.09996666666666666,
    0.1001,
    0.10083333333333333,
    0.10136666666666666,
    0.10056666666666667,
    0.1014,
    0.09916666666666667,
    0.09955,
    0.09863333333333334,
    0.10135
  ]
}