{
  "loss": [
    2.3021885582152124,
    2.3022216514095297,
    2.3020833011207937,
    2.3020461619453467,
    2.302177645507863,
    2.302213778668306,
    2.30222979543162,
    2.302117909307,
    2.3019755352364113,
    2.3022638782307556
  ],
  "accuracy": [
    0.11236666666666667,
    0.11236666666666667,
    0.10218333333333333,
    0.11236666666666667,
    0.11236666666666667,
    0.11236666666666667,
    0.11236666666666667,
    0.11236666666666667,
    0.11236666666666667,
    0.11236666666666667
  ]
}