{
  "loss": [
    2.290808718469634,
    2.013772308837173,
    1.361897932921293,
    0.9470989823858388,
    0.7298693765619003,
    0.6069508710603774,
    0.5291279442798551,
    0.4753005668783359,
    0.43629488247481957,
    0.40686727988130333
  ],
  "accuracy": [
    0.20171666666666666,
    0.53015,
    0.7164666666666667,
    0.8087666666666666,
    0.8393166666666667,
    0.8615166666666667,
    0.8762166666666666,
    0.8856833333333334,
    0.8932333333333333,
    0.89805
  ]
}