{
  "loss": [
    0.8260422685758441,
    0.3207459776834681,
    0.26827703973589123,
    0.23339015753925477,
    0.20737249473388983,
    0.1866565374088311,
    0.16930729752074716,
    0.15539773907046206,
    0.14311183869979419,
    0.13310130529562317
  ],
  "accuracy": [
    0.8982333333333333,
    0.9177,
    0.9293333333333333,
    0.9365833333333333,
    0.9454833333333333,
    0.9493666666666667,
    0.9549,
    0.9586666666666667,
    0.96175,
    0.9649833333333333
  ]
}