{
  "loss": [
    2.322161825873244,
    2.3232133099471546,
    2.3251581413810873,
    2.3256066897625742,
    2.3270258258629273,
    2.3278632149619223,
    2.328204917325086,
    2.330299751999386,
    2.3316037610575173,
    2.333292283394435
  ],
  "accuracy": [
    0.09035,
    0.09915,
    0.09915,
    0.0993,
    0.09871666666666666,
    0.09736666666666667,
    0.11236666666666667,
    0.09915,
    0.09751666666666667,
    0.09751666666666667
  ]
}