{
  "loss": [
    0.8929861208948898,
    0.3206178699346871,
    0.2649426998171807,
    0.23221038283028844,
    0.2082229113954799,
    0.18890027494673362,
    0.1733270411647678,
    0.16085286142611555,
    0.14972136403763098,
    0.14008050849254702
  ],
  "accuracy": [
    0.8999,
    0.9189666666666667,
    0.929,
    0.9373166666666667,
    0.9447,
    0.9486833333333333,
    0.95315,
    0.9560833333333333,
    0.9598833333333333,
    0.9616166666666667
  ]
}