{
  "loss": [
    3.545743174967545,
    5.553021720808595,
    5.8958149382758185,
    5.993048146643011,
    5.901154950400073,
    5.992605835122624,
    5.955078367815401,
    5.895155213534733,
    5.957654944225204,
    5.989731553026296
  ],
  "accuracy": [
    0.09993333333333333,
    0.10193333333333333,
    0.0996,
    0.0999,
    0.10041666666666667,
    0.09966666666666667,
    0.10133333333333333,
    0.10066666666666667,
    0.09985,
    0.09988333333333334
  ]
}