{
  "loss": [
    17.07102527864024,
    17.281079477548452,
    17.079207493598858,
    14.13824466782904,
    14.050936118511405,
    14.283556532511048,
    14.010841757807654,
    14.231885012934782,
    14.098433833819977,
    14.089434161339284
  ],
  "accuracy": [
    0.0993,
    0.09751666666666667,
    0.21128333333333332,
    0.2047,
    0.20831666666666668,
    0.20293333333333333,
    0.20855,
    0.21058333333333334,
    0.20643333333333333,
    0.21126666666666666
  ]
}