{
  "loss": [
    3.569859939121374,
    5.685565190836923,
    5.864593141374959,
    5.8455397973154355,
    5.92158436464158,
    6.102183044506026,
    5.892983673160478,
    5.961422747525923,
    6.010284958011386,
    5.940833137861944
  ],
  "accuracy": [
    0.09821666666666666,
    0.09873333333333334,
    0.10146666666666666,
    0.10035,
    0.09868333333333333,
    0.09893333333333333,
    0.10153333333333334,
    0.10123333333333333,
    0.1011,
    0.10093333333333333
  ]
}