{
  "loss": [
    2.303063240849179,
    2.3032062648969114,
    2.3030190846549687,
    2.3030611486255563,
    2.303257235731363,
    2.303117946636877,
    2.303168346047897,
    2.3030253908966682,
    2.303126816478277,
    2.303161257634923
  ],
  "accuracy": [
    0.10101666666666667,
    0.09803333333333333,
    0.10141666666666667,
    0.1002,
    0.09668333333333333,
    0.09985,
    0.09951666666666667,
    0.09961666666666667,
    0.09761666666666667,
    0.10006666666666666
  ]
}