{
  "loss": [
    2.307912222688654,
    2.308256198406223,
    2.308069693155937,
    2.308618326848002,
    2.30880150811482,
    2.308797768300806,
    2.309029057245979,
    2.309178046539551,
    2.3090941482482954,
    2.309837426372468
  ],
  "accuracy": [
    0.10105,
    0.10071666666666666,
    0.09905,
    0.09921666666666666,
    0.10173333333333333,
    0.09966666666666667,
    0.0999,
    0.09983333333333333,
    0.10055,
    0.09921666666666666
  ]
}