{
  "loss": [
    2.301735653057348,
    2.3017983185045,
    2.301697565541876,
    2.301795983472722,
    2.301620742932071,
    2.3017715681621325,
    2.3017006814895877,
    2.301806949278405,
    2.301749609220148,
    2.301803653998429
  ],
  "accuracy": [
    0.11236666666666667,
    0.11236666666666667,
    0.11236666666666667,
    0.11236666666666667,
    0.11236666666666667,
    0.10441666666666667,
    0.11236666666666667,
    0.11236666666666667,
    0.11236666666666667,
    0.11236666666666667
  ]
}