{
  "loss": [
    2.255131944827363,
    1.6325748234438509,
    0.9566569760081335,
    0.6834962687403681,
    0.555599966481452,
    0.4832582309677219,
    0.43667613750552153,
    0.4044338948778715,
    0.380984930910052,
    0.3631083670430039
  ],
  "accuracy": [
    0.42955,
    0.6885166666666667,
    0.8068666666666666,
    0.84775,
    0.86725,
    0.8810666666666667,
    0.88765,
    0.8946,
    0.8982666666666667,
    0.90075
  ]
}