{
  "loss": [
    2.36942502053157,
    2.50533176222349,
    2.599197262559448,
    2.625045543665327,
    2.6463624464049342,
    2.646132778976455,
    2.663704181938195,
    2.6676158930197897,
    2.6585322121901758,
    2.650129988118941
  ],
  "accuracy": [
    0.09913333333333334,
    0.09946666666666666,
    0.10053333333333334,
    0.10186666666666666,
    0.09883333333333333,
    0.10138333333333334,
    0.0992,
    0.0987,
    0.09956666666666666,
    0.1027
  ]
}