{
  "loss": [
    0.44642383273791075,
    0.20222347530563026,
    0.16738396721281945,
    0.14617725410499924,
    0.13331855159040307,
    0.12318454669001883,
    0.11497599012876762,
    0.10885110308737901,
    0.10253286447801623,
    0.09797536940604804
  ],
  "accuracy": [
    0.93265,
    0.95185,
    0.9585333333333333,
    0.9619166666666666,
    0.9645833333333333,
    0.9668333333333333,
    0.9659333333333333,
    0.97165,
    0.96895,
    0.9698166666666667
  ]
}