{
  "loss": [
    17.091759987471765,
    17.291639517987512,
    17.25934010823778,
    17.244097316893413,
    17.298083453733014,
    17.408763121720202,
    17.23263193251257,
    17.33032524098001,
    17.15041546587374,
    17.208456493898275
  ],
  "accuracy": [
    0.09035,
    0.09751666666666667,
    0.11236666666666667,
    0.10441666666666667,
    0.09863333333333334,
    0.09035,
    0.09736666666666667,
    0.09863333333333334,
    0.0993,
    0.09751666666666667
  ]
}