{
  "loss": [
    2.3615808031597543,
    2.497764689813236,
    2.5844962552506443,
    2.6289916537706755,
    2.625767506132497,
    2.643423602946023,
    2.652692119210749,
    2.673442480488567,
    2.6682206474296892,
    2.653609752528236
  ],
  "accuracy": [
    0.10218333333333333,
    0.09751666666666667,
    0.09915,
    0.0993,
    0.10218333333333333,
    0.10441666666666667,
    0.10218333333333333,
    0.10441666666666667,
    0.10218333333333333,
    0.10441666666666667
  ]
}