{
  "loss": [
    2.323842590886619,
    2.3246731213675904,
    2.326345855140583,
    2.327584656191154,
    2.328362869863716,
    2.3290063063333126,
    2.330503517066123,
    2.329917848228038,
    2.332995733147705,
    2.3335198825049086
  ],
  "accuracy": [
    0.1013,
    0.10125,
    0.09921666666666666,
    0.09958333333333333,
    0.09851666666666667,
    0.1004,
    0.09941666666666667,
    0.10201666666666667,
    0.10066666666666667,
    0.10023333333333333
  ]
}