{
  "loss": [
    2.304515128995177,
    2.3046737124532783,
    2.3041836810055716,
    2.304440050163734,
    2.3045634315185284,
    2.304391115305444,
    2.304603560488344,
    2.3045133338075203,
    2.304458214684806,
    2.3043520368159145
  ],
  "accuracy": [
    0.10076666666666667,
    0.0978,
    0.09898333333333334,
    0.10191666666666667,
    0.09996666666666666,
    0.10283333333333333,
    0.0986,
    0.09991666666666667,
    0.09856666666666666,
    0.09905
  ]
}