{
  "loss": [
    0.8972989301977775,
    0.3200904521436641,
    0.2607389219333597,
    0.22617764569810173,
    0.20133879564865378,
    0.1831754074755903,
    0.16876596524533358,
    0.1567303744359361,
    0.14653880909134492,
    0.1377736592597004
  ],
  "accuracy": [
    0.8983,
    0.9200833333333334,
    0.9314666666666667,
    0.9406333333333333,
    0.9463333333333334,
    0.9507666666666666,
    0.9538166666666666,
    0.9572666666666667,
    0.9594666666666667,
    0.9623333333333334
  ]
}