{
  "loss": [
    2.3033248642006803,
    2.3028173276626194,
    2.303436271798494,
    2.3031823119256996,
    2.3029658245319706,
    2.302914256606603,
    2.303304189124145,
    2.302966223418045,
    2.3032222167450804,
    2.303123263179398
  ],
  "accuracy": [
    0.11236666666666667,
    0.10441666666666667,
    0.11236666666666667,
    0.11236666666666667,
    0.11236666666666667,
    0.09736666666666667,
    0.11236666666666667,
    0.11236666666666667,
    0.10218333333333333,
    0.10218333333333333
  ]
}