{
  "loss": [
    2.3032379743251794,
    2.3032211829748457,
    2.3030407487200866,
    2.3028929764784456,
    2.3031131192063654,
    2.3030341763047586,
    2.3032437023243744,
    2.302884880801433,
    2.303119260937145,
    2.3030214166272818
  ],
  "accuracy": [
    0.11236666666666667,
    0.11236666666666667,
    0.11236666666666667,
    0.11236666666666667,
    0.10218333333333333,
    0.11236666666666667,
    0.11236666666666667,
    0.11236666666666667,
    0.10441666666666667,
    0.09751666666666667
  ]
}