{
  "loss": [
    2.311986969724014,
    2.3122862807838223,
    2.3126801327976203,
    2.312631938673761,
    2.3132231723634678,
    2.3131132292030587,
    2.3140575764352773,
    2.3146587570775288,
    2.314877751389901,
    2.315423472633612
  ],
  "accuracy": [
    0.11236666666666667,
    0.09736666666666667,
    0.09863333333333334,
    0.10441666666666667,
    0.09863333333333334,
    0.0993,
    0.10218333333333333,
    0.09871666666666666,
    0.11236666666666667,
    0.0993
  ]
}