{
  "loss": [
    2.3035760332684183,
    2.30359741022782,
    2.3037169794702117,
    2.303562229710123,
    2.30360223010428,
    2.3035976153438003,
    2.3034167000703305,
    2.303778680506647,
    2.303671543926329,
    2.303339581881219
  ],
  "accuracy": [
    0.0994,
    0.10045,
    0.09955,
    0.10016666666666667,
    0.10043333333333333,
    0.09923333333333334,
    0.10178333333333334,
    0.09766666666666667,
    0.09925,
    0.10078333333333334
  ]
}