{
  "loss": [
    2.3046373805979417,
    2.304415867116195,
    2.304529022282133,
    2.304462289754528,
    2.3043548503157094,
    2.3046052175594878,
    2.304430460231993,
    2.3043538412098257,
    2.304155236728203,
    2.304551468692042
  ],
  "accuracy": [
    0.09973333333333333,
    0.09975,
    0.09996666666666666,
    0.10021666666666666,
    0.10105,
    0.0985,
    0.09955,
    0.10093333333333333,
    0.1039,
    0.09865
  ]
}