{
  "loss": [
    2.3082075325289177,
    2.308193083101541,
    2.3082514948206487,
    2.30839481362829,
    2.3088462318126153,
    2.3087820571484423,
    2.3086973035124636,
    2.308938828813215,
    2.3096048796975315,
    2.3093365584886816
  ],
  "accuracy": [
    0.09748333333333334,
    0.09816666666666667,
    0.09933333333333333,
    0.1,
    0.09918333333333333,
    0.09993333333333333,
    0.1024,
    0.10015,
    0.09965,
    0.10133333333333333
  ]
}