{
  "loss": [
    2.2801067309944614,
    1.8350902077506934,
    1.1208446060798478,
    0.7842306723618934,
    0.6189032936601832,
    0.528047281421313,
    0.4698236492877505,
    0.4289624294588829,
    0.3992056713786605,
    0.37670397511957426
  ],
  "accuracy": [
    0.22871666666666668,
    0.60145,
    0.7729333333333334,
    0.8283666666666667,
    0.8521166666666666,
    0.8702666666666666,
    0.8834166666666666,
    0.8900166666666667,
    0.89595,
    0.8993833333333333
  ]
}