{
  "loss": [
    14.35227750460856,
    17.1040967394212,
    17.310314966448093,
    17.419148443309293,
    17.314232433673737,
    17.660145699310263,
    17.34655039276848,
    17.109708788996965,
    17.348059113238254,
    17.17305258099474
  ],
  "accuracy": [
    0.09035,
    0.09871666666666666,
    0.09915,
    0.0993,
    0.09915,
    0.09035,
    0.10441666666666667,
    0.09751666666666667,
    0.09915,
    0.09863333333333334
  ]
}