{
  "loss": [
    2.3234570879964367,
    2.323946108202625,
    2.3252905376938493,
    2.3262255968846657,
    2.3269975982083277,
    2.3283127498449043,
    2.329796980529248,
    2.3315169095973296,
    2.331309869553306,
    2.33392362324764
  ],
  "accuracy": [
    0.10218333333333333,
    0.09035,
    0.10441666666666667,
    0.09915,
    0.10218333333333333,
    0.10441666666666667,
    0.09751666666666667,
    0.09863333333333334,
    0.0993,
    0.09915
  ]
}