{
  "loss": [
    0.8322850296504847,
    0.31700730053608006,
    0.2652303496673814,
    0.2320746312847481,
    0.20682248499275524,
    0.1868799286944325,
    0.1703005077474626,
    0.1563760395912035,
    0.14472910616013523,
    0.1338964817164955
  ],
  "accuracy": [
    0.8976666666666666,
    0.9168833333333334,
    0.92945,
    0.9397166666666666,
    0.9446333333333333,
    0.9501666666666667,
    0.9548166666666666,
    0.9579,
    0.9607666666666667,
    0.9640833333333333
  ]
}