{
  "loss": [
    2.2758272389572443,
    1.817639195920206,
    1.115138525301668,
    0.777372392254975,
    0.6159036982032321,
    0.5264497669453162,
    0.4694575288486439,
    0.42989676717284303,
    0.4010126636800566,
    0.3791589588855158
  ],
  "accuracy": [
    0.37128333333333335,
    0.6414333333333333,
    0.7845166666666666,
    0.8314333333333334,
    0.8554,
    0.8732166666666666,
    0.8839166666666667,
    0.8907333333333334,
    0.8959833333333334,
    0.8994166666666666
  ]
}