{
  "loss": [
    2.302110626264931,
    2.3021547786700283,
    2.3022409626064966,
    2.3021242537458555,
    2.302274681939412,
    2.302198602444377,
    2.302345025216914,
    2.302187112807688,
    2.3020458081840873,
    2.3022884670088932
  ],
  "accuracy": [
    0.11236666666666667,
    0.09871666666666666,
    0.11236666666666667,
    0.11236666666666667,
    0.11236666666666667,
    0.09863333333333334,
    0.11236666666666667,
    0.11236666666666667,
    0.10218333333333333,
    0.11236666666666667
  ]
}