{
  "loss": [
    14.657130826869063,
    18.139767696097195,
    18.149898743314292,
    18.753099224479737,
    18.78494498568303,
    18.439423816380497,
    18.421669214452734,
    18.673697356781116,
    18.378164322720043,
    18.46246779295291
  ],
  "accuracy": [
    0.09896666666666666,
    0.10173333333333333,
    0.10176666666666667,
    0.09705,
    0.097,
    0.10018333333333333,
    0.0999,
    0.09923333333333334,
    0.09723333333333334,
    0.09891666666666667
  ]
}