{
  "loss": [
    3.469348949020747,
    5.748788860894813,
    5.851550793567451,
    5.796679034261458,
    6.060687305813818,
    6.080075717338878,
    6.063156420450682,
    5.941060396629271,
    5.963839932438596,
    6.0599254904185305
  ],
  "accuracy": [
    0.0993,
    0.09035,
    0.09035,
    0.09871666666666666,
    0.09035,
    0.09871666666666666,
    0.09871666666666666,
    0.09035,
    0.09736666666666667,
    0.09863333333333334
  ]
}