{
  "loss": [
    1.6120311816764066,
    0.3926473165398076,
    0.34396437208741537,
    0.31909053416144506,
    0.2926164550626238,
    0.2730913844060662,
    0.2561433273347168,
    0.24502993883439,
    0.23911721910758127,
    0.2311494465733269
  ],
  "accuracy": [
    0.8886333333333334,
    0.9031166666666667,
    0.9086833333333333,
    0.9144666666666666,
    0.9286833333333333,
    0.91545,
    0.9259,
    0.92905,
    0.9333166666666667,
    0.9321666666666667
  ]
}