{
  "loss": [
    14.4801053530936,
    18.363670371062078,
    18.127744803345394,
    18.36162283237594,
    18.20382019503585,
    18.544037340018704,
    18.471689431740774,
    18.42173406551087,
    18.064193705272125,
    18.708713847496437
  ],
  "accuracy": [
    0.10205,
    0.1002,
    0.09825,
    0.10168333333333333,
    0.10025,
    0.09856666666666666,
    0.09951666666666667,
    0.10013333333333334,
    0.10045,
    0.09901666666666667
  ]
}