{
    "h25_lr0.01": {
        "mean_accuracy": 0.09915555555555555,
        "std_accuracy": 0.0010724093101027528,
        "accuracy_ci": [
            0.09649154314593017,
            0.10181956796518093
        ],
        "mean_loss": 2.3031911856794194,
        "std_loss": 2.4414341664476757e-05,
        "loss_ci": [
            2.3031305370925836,
            2.303251834266255
        ]
    },
    "h25_lr0.1": {
        "mean_accuracy": 0.1002111111111111,
        "std_accuracy": 0.0008688363155450389,
        "accuracy_ci": [
            0.09805280205435421,
            0.10236942016786799
        ],
        "mean_loss": 2.309659088503213,
        "std_loss": 0.00022848878939945498,
        "loss_ci": [
            2.309091490884761,
            2.3102266861216654
        ]
    },
    "h25_lr0.5": {
        "mean_accuracy": 0.09983333333333333,
        "std_accuracy": 0.0021338974948479903,
        "accuracy_ci": [
            0.09453243809343757,
            0.10513422857322909
        ],
        "mean_loss": 2.6563176298769293,
        "std_loss": 0.005672083327529001,
        "loss_ci": [
            2.642227393778999,
            2.67040786597486
        ]
    },
    "h50_lr0.01": {
        "mean_accuracy": 0.09986666666666666,
        "std_accuracy": 0.0013676825492619127,
        "accuracy_ci": [
            0.09646915486838442,
            0.1032641784649489
        ],
        "mean_loss": 2.3034667030338056,
        "std_loss": 0.0001007573531673726,
        "loss_ci": [
            2.3032164078930695,
            2.303716998174542
        ]
    },
    "h50_lr0.1": {
        "mean_accuracy": 0.09937777777777777,
        "std_accuracy": 0.0008434204317488201,
        "accuracy_ci": [
            0.09728260527643574,
            0.1014729502791198
        ],
        "mean_loss": 2.31657849790849,
        "std_loss": 0.00037167459264023686,
        "loss_ci": [
            2.315655207036424,
            2.3175017887805556
        ]
    },
    "h50_lr0.5": {
        "mean_accuracy": 0.10059444444444444,
        "std_accuracy": 0.0005030155975295613,
        "accuracy_ci": [
            0.09934488442903812,
            0.10184400445985077
        ],
        "mean_loss": 5.970954826622344,
        "std_loss": 0.02151425697141694,
        "loss_ci": [
            5.917510449540022,
            6.024399203704665
        ]
    },
    "h100_lr0.01": {
        "mean_accuracy": 0.09936666666666667,
        "std_accuracy": 0.0007487025815072078,
        "accuracy_ci": [
            0.09750678634908284,
            0.1012265469842505
        ],
        "mean_loss": 2.304489631732156,
        "std_loss": 9.746014319461448e-05,
        "loss_ci": [
            2.3042475273150567,
            2.3047317361492556
        ]
    },
    "h100_lr0.1": {
        "mean_accuracy": 0.10091666666666665,
        "std_accuracy": 0.0004889520161264048,
        "accuracy_ci": [
            0.09970204252418575,
            0.10213129080914755
        ],
        "mean_loss": 2.3336671675716043,
        "std_loss": 0.0002216636586617022,
        "loss_ci": [
            2.333116524517805,
            2.3342178106254035
        ]
    },
    "h100_lr0.5": {
        "mean_accuracy": 0.0992111111111111,
        "std_accuracy": 0.000348098893284899,
        "accuracy_ci": [
            0.09834638552289424,
            0.10007583669932796
        ],
        "mean_loss": 18.57727522735496,
        "std_loss": 0.10121504202731911,
        "loss_ci": [
            18.325843124461617,
            18.828707330248303
        ]
    }
}