{
  "loss": [
    2.3035157891806506,
    2.303643233398593,
    2.3035919310231665,
    2.3035999468346082,
    2.303657308391963,
    2.303659506796225,
    2.3036165993598523,
    2.3036852905357605,
    2.3036194369500684,
    2.303474512145994
  ],
  "accuracy": [
    0.10235,
    0.09936666666666667,
    0.09986666666666667,
    0.09973333333333333,
    0.0983,
    0.09745,
    0.10058333333333333,
    0.09916666666666667,
    0.10136666666666666,
    0.10088333333333334
  ]
}