{
  "loss": [
    2.9634154546735036,
    1.1092390948461535,
    0.5914164759532702,
    0.4684320186650593,
    0.44897656297785604,
    0.43700389679298435,
    0.4275705571372603,
    0.40235165022818076,
    0.37782061298729236,
    0.36653924178745984
  ],
  "accuracy": [
    0.6905,
    0.7586,
    0.8702166666666666,
    0.8622,
    0.85205,
    0.8873833333333333,
    0.8767166666666667,
    0.89515,
    0.9096833333333333,
    0.90975
  ]
}