{
  "loss": [
    2.2899241576762375,
    1.9842469290490126,
    1.3164538391994716,
    0.9437275890843909,
    0.7403278412376352,
    0.6203001024809046,
    0.5433703931611855,
    0.4890150990984228,
    0.44841943005237894,
    0.4172518435029768
  ],
  "accuracy": [
    0.21788333333333335,
    0.5470666666666667,
    0.7101166666666666,
    0.7930333333333334,
    0.8312,
    0.8521666666666666,
    0.8686333333333334,
    0.8791333333333333,
    0.8882,
    0.8939166666666667
  ]
}