{
  "loss": [
    3.51364442571553,
    5.729415153215037,
    5.914480142703353,
    5.967366294906497,
    5.981879649467154,
    5.9323958454322465,
    5.935339389965117,
    5.918885365783791,
    5.987205267684915,
    5.982299788978791
  ],
  "accuracy": [
    0.09748333333333334,
    0.0999,
    0.0997,
    0.10165,
    0.09801666666666667,
    0.09745,
    0.10153333333333334,
    0.09931666666666666,
    0.10008333333333333,
    0.10096666666666666
  ]
}