{
  "loss": [
    2.3016876351872964,
    2.301727959394757,
    2.30168138489699,
    2.3017745433416774,
    2.3017863071149036,
    2.3018103587725087,
    2.301768176440047,
    2.3017419653512206,
    2.3016962641240033,
    2.301680475026253
  ],
  "accuracy": [
    0.11236666666666667,
    0.11236666666666667,
    0.11236666666666667,
    0.11236666666666667,
    0.11236666666666667,
    0.10441666666666667,
    0.11236666666666667,
    0.11236666666666667,
    0.11236666666666667,
    0.11236666666666667
  ]
}