{
  "loss": [
    2.363256356864023,
    2.4920555956328445,
    2.594050452179366,
    2.6473391785186142,
    2.6505648305122853,
    2.6550697233089857,
    2.647838091602067,
    2.6546069942590163,
    2.6728385367237086,
    2.6616639135452993
  ],
  "accuracy": [
    0.09915,
    0.10218333333333333,
    0.09915,
    0.0993,
    0.09863333333333334,
    0.09035,
    0.09751666666666667,
    0.0993,
    0.09863333333333334,
    0.09863333333333334
  ]
}