{
  "loss": [
    1.3354096089719734,
    0.4220199096676968,
    0.3472281688648549,
    0.29315046151673385,
    0.263922302567387,
    0.24487028043285372,
    0.22782126897745475,
    0.21727340993351962,
    0.2020971501408714,
    0.19131175290324948
  ],
  "accuracy": [
    0.87965,
    0.9061833333333333,
    0.9036666666666666,
    0.9151166666666667,
    0.9109166666666667,
    0.9330166666666667,
    0.9394,
    0.93065,
    0.9494666666666667,
    0.9483666666666667
  ]
}