{
  "loss": [
    2.364023825287478,
    2.488554343907952,
    2.59119120634704,
    2.620906916368799,
    2.648241005772322,
    2.643395961426627,
    2.6546257749777245,
    2.6696283264326666,
    2.652185566840047,
    2.6549906351051935
  ],
  "accuracy": [
    0.1022,
    0.10105,
    0.10008333333333333,
    0.10055,
    0.0992,
    0.10005,
    0.1016,
    0.09928333333333333,
    0.10041666666666667,
    0.09921666666666666
  ]
}