{
  "loss": [
    2.310908083827484,
    2.311836473202634,
    2.312066889856337,
    2.31308472098657,
    2.3134707113107282,
    2.3133286760311704,
    2.3144316315357796,
    2.314739333884329,
    2.3151437133343302,
    2.3151970770243233
  ],
  "accuracy": [
    0.09863333333333334,
    0.10218333333333333,
    0.10441666666666667,
    0.10441666666666667,
    0.0993,
    0.09736666666666667,
    0.10441666666666667,
    0.09915,
    0.10218333333333333,
    0.09035
  ]
}