{
    "h25_lr0.01": {
        "mean_accuracy": 0.11236666666666667,
        "std_accuracy": 0.0,
        "accuracy_ci": [
            NaN,
            NaN
        ],
        "mean_loss": 2.3017607949385135,
        "std_loss": 5.6837495783281885e-05,
        "loss_ci": [
            2.3016196027717917,
            2.3019019871052353
        ]
    },
    "h25_lr0.1": {
        "mean_accuracy": 0.10536111111111111,
        "std_accuracy": 0.005376084444148668,
        "accuracy_ci": [
            0.09200617700134485,
            0.11871604522087738
        ],
        "mean_loss": 2.3082129923645893,
        "std_loss": 0.00025207561516271595,
        "loss_ci": [
            2.3075868018227275,
            2.308839182906451
        ]
    },
    "h25_lr0.5": {
        "mean_accuracy": 0.10056111111111112,
        "std_accuracy": 0.0027262894785748007,
        "accuracy_ci": [
            0.09378863260398061,
            0.10733358961824162
        ],
        "mean_loss": 2.663423993873096,
        "std_loss": 0.008820093312386496,
        "loss_ci": [
            2.641513667453816,
            2.6853343202923763
        ]
    },
    "h50_lr0.01": {
        "mean_accuracy": 0.10971666666666667,
        "std_accuracy": 0.003747665940288701,
        "accuracy_ci": [
            0.10040694837300312,
            0.11902638496033022
        ],
        "mean_loss": 2.302251743034132,
        "std_loss": 3.597745566230953e-05,
        "loss_ci": [
            2.302162370079745,
            2.302341115988519
        ]
    },
    "h50_lr0.1": {
        "mean_accuracy": 0.10067222222222222,
        "std_accuracy": 0.009040488487839884,
        "accuracy_ci": [
            0.07821440383608987,
            0.12313004060835457
        ],
        "mean_loss": 2.315382773669874,
        "std_loss": 0.000138038614826119,
        "loss_ci": [
            2.3150398667410936,
            2.3157256805986544
        ]
    },
    "h50_lr0.5": {
        "mean_accuracy": 0.09848333333333333,
        "std_accuracy": 0.0007357284120491034,
        "accuracy_ci": [
            0.09665568263928723,
            0.10031098402737942
        ],
        "mean_loss": 5.953471151373368,
        "std_loss": 0.0822287262562428,
        "loss_ci": [
            5.749203671483358,
            6.157738631263377
        ]
    },
    "h100_lr0.01": {
        "mean_accuracy": 0.10402222222222222,
        "std_accuracy": 0.006200363390386044,
        "accuracy_ci": [
            0.08861966569702887,
            0.11942477874741558
        ],
        "mean_loss": 2.303056601565206,
        "std_loss": 4.71611839417092e-05,
        "loss_ci": [
            2.302939446689641,
            2.3031737564407706
        ]
    },
    "h100_lr0.1": {
        "mean_accuracy": 0.0980111111111111,
        "std_accuracy": 0.00080764097878778,
        "accuracy_ci": [
            0.09600481969807398,
            0.10001740252414823
        ],
        "mean_loss": 2.3335152060512665,
        "std_loss": 0.00028919851395573366,
        "loss_ci": [
            2.33279679711654,
            2.334233614985993
        ]
    },
    "h100_lr0.5": {
        "mean_accuracy": 0.0986611111111111,
        "std_accuracy": 3.9283710065914985e-05,
        "accuracy_ci": [
            0.09856352496547523,
            0.09875869725674698
        ],
        "mean_loss": 17.232089246290233,
        "std_loss": 0.22411778781895073,
        "loss_ci": [
            16.67534979767418,
            17.788828694906286
        ]
    }
}