{
  "loss": [
    2.28923181355245,
    1.975091186791935,
    1.324203453624018,
    0.9595892046382153,
    0.7521602068781619,
    0.622536601556282,
    0.5399550080114389,
    0.4844735465886245,
    0.44499033214010475,
    0.4153844651620398
  ],
  "accuracy": [
    0.2889333333333333,
    0.5520666666666667,
    0.6955166666666667,
    0.7904666666666667,
    0.8374166666666667,
    0.8572333333333333,
    0.8718166666666667,
    0.8814166666666666,
    0.8885833333333333,
    0.8933666666666666
  ]
}