{
  "loss": [
    2.313213329460289,
    2.31348674538901,
    2.3138258315727755,
    2.313905690775625,
    2.314741002321745,
    2.315079193998179,
    2.3153724373137803,
    2.315972133041397,
    2.316320802267495,
    2.316841762328298
  ],
  "accuracy": [
    0.0976,
    0.09825,
    0.09821666666666666,
    0.09943333333333333,
    0.10053333333333334,
    0.10073333333333333,
    0.10066666666666667,
    0.09941666666666667,
    0.0992,
    0.09846666666666666
  ]
}