{
  "loss": [
    2.3066864042787443,
    2.3071313703042478,
    2.306760798420387,
    2.307051180629138,
    2.307456322989332,
    2.307262919900893,
    2.307312038648004,
    2.3083836235711837,
    2.3085891834507075,
    2.3078571703640347
  ],
  "accuracy": [
    0.10441666666666667,
    0.09035,
    0.11236666666666667,
    0.10218333333333333,
    0.11236666666666667,
    0.11236666666666667,
    0.09863333333333334,
    0.11236666666666667,
    0.11236666666666667,
    0.10441666666666667
  ]
}