{
  "loss": [
    2.3018349356242305,
    2.301635429819229,
    2.301792287840309,
    2.3016422201010927,
    2.3017955200518645,
    2.3016209283591738,
    2.3018078454392468,
    2.301702530001202,
    2.3016402248055123,
    2.3017982557908585
  ],
  "accuracy": [
    0.10441666666666667,
    0.11236666666666667,
    0.11236666666666667,
    0.11236666666666667,
    0.11236666666666667,
    0.11236666666666667,
    0.11236666666666667,
    0.11236666666666667,
    0.11236666666666667,
    0.11236666666666667
  ]
}