{
  "loss": [
    2.3034990028315048,
    2.3036252145963827,
    2.303554765150792,
    2.303595960096014,
    2.3036530181671484,
    2.3034961303298687,
    2.3035602029594946,
    2.3036201495638347,
    2.3036343499948075,
    2.303586015074203
  ],
  "accuracy": [
    0.09955,
    0.09846666666666666,
    0.10165,
    0.10006666666666666,
    0.10046666666666666,
    0.09988333333333334,
    0.09931666666666666,
    0.0999,
    0.0997,
    0.09793333333333333
  ]
}